{"train_loss": [0.4655777010824773, 0.19447253983129154, 0.12842350924847187, 0.10397796086096145, 0.08816185061420713, 0.07992785271595824, 0.06968895737807472, 0.05215391722906913, 0.0603746496769902, 0.05810429185157182, 0.05819497988015026, 0.046261725012914506, 0.03915912266397341, 0.042095966107973996, 0.0374099000979989, 0.051878914861431855, 0.03381552031511659, 0.036057344259839356, 0.031157994292095884, 0.028542685571924915, 0.029657027420327792, 0.030997999621760825, 0.026812383632913425, 0.023556885262648878, 0.028072960633941768, 0.02977047842404164, 0.036012096080306144, 0.027941133702240353, 0.024263125894192075, 0.02008820954232489], "val_loss": [0.3195841255096289, 0.23193825179567704, 0.2139391078828619, 0.20093461491454107, 0.22049801911299044, 0.19573223472644502, 0.20795531026445901, 0.21602773981598708, 0.22114232970544925, 0.19066336942621723, 0.21564621933234426, 0.19492308259941638, 0.2564590958914218, 0.17855092639533374, 0.1989139737919546, 0.2531281395170551, 0.2621588393723449, 0.2725947523095573, 0.27073258890483815, 0.28564049591883445, 0.29258224814951134, 0.27750523071377897, 0.25675376794802457, 0.3123873975307036, 0.2646402301884686, 0.2888359325991657, 0.2427694356212249, 0.26145430066837716, 0.2451160706114024, 0.2459195161757704], "train_accuracy": [80.45789043336059, 92.51839738348323, 95.5437448896157, 96.11610793131644, 96.89288634505314, 96.89288634505314, 97.3017170891251, 97.95584627964023, 97.75143090760425, 97.83319705641864, 97.79231398201145, 98.2829108748978, 98.48732624693378, 98.40556009811938, 98.56909239574816, 98.16026165167621, 99.0596892886345, 98.69174161896974, 98.97792313982012, 98.97792313982012, 99.01880621422731, 98.85527391659853, 99.1414554374489, 99.18233851185609, 99.0596892886345, 98.97792313982012, 98.85527391659853, 98.89615699100572, 99.0596892886345, 99.26410466067048], "val_accuracy": [87.03703703703704, 91.85185185185185, 91.23456790123457, 93.70370370370371, 93.20987654320987, 94.44444444444444, 92.5925925925926, 93.70370370370371, 92.34567901234568, 92.96296296296296, 94.44444444444444, 94.44444444444444, 94.44444444444444, 93.20987654320987, 93.70370370370371, 93.82716049382717, 93.70370370370371, 92.71604938271605, 93.45679012345678, 93.95061728395062, 93.95061728395062, 93.95061728395062, 93.45679012345678, 93.58024691358025, 93.33333333333333, 94.07407407407408, 93.58024691358025, 93.58024691358025, 93.95061728395062, 93.95061728395062], "learning_rate": [5e-05, 5e-05, 5e-05, 5e-05, 5e-05, 5e-05, 5e-05, 5e-05, 5e-05, 5e-05, 5e-05, 5e-05, 5e-05, 5e-05, 5e-05, 5e-05, 5e-05, 5e-05, 1e-05, 1e-05, 1e-05, 1e-05, 2.0000000000000003e-06, 2.0000000000000003e-06, 2.0000000000000003e-06, 2.0000000000000003e-06, 5e-07, 5e-07, 5e-07, 5e-07]}